landmark.designation,lm,row.id,description,region_number
3,4,4,max_post_lateral,3
4,5,5,max_ant_ventrolateral,3
5,6,6,premax_post_ventrolateral,4
6,7,7,premax_ant_midline,4
7,8,8,premax_post_midline,4
8,9,9,nasal_ant_midline,5
9,10,10,nasal_ant_premax_process,5
10,11,11,premax_dorsal_posterior_tip,4
11,12,12,max_posterior_dorsal_tip,3
12,13,13,nasal_ant_ventral_process,5
13,14,14,nasal_post_midline,5
14,15,15,frontal_post_midline,6
15,16,16,frontal_post_lateral,6
16,17,17,frontal_ant_lateral,6
17,18,18,parietal_post_midline,7
18,19,19,parietal_ant_lateral,7
19,20,20,occipital_dorsal_midline,8
22,23,23,occipital_exocc_lateral,8
23,24,24,occipital_exocc_squamosal_contact,8
24,25,25,occ_condyle_dorsal_midline,10
25,26,26,occ_condyle_ventral_midline,10
26,27,27,occipital_basiocc_lateral,11
35,36,36,postorbital_anterolateral,15
36,37,37,postorbital_ventral_tip,15
37,38,38,postorbital_posterolateral,15
38,39,39,jugal_post_jug_lac_contact,16
39,40,40,jugal_postorbital_process_tip,16
40,41,41,jugal_anterior_contact_with_max,16
41,42,42,qjugal_post_lateral_point,16
42,43,43,qjugal_dorsal_tip,16
43,44,44,squamosal_ventral_tip,17
44,45,45,squamosal_anterolateral,17
45,46,46,squamosal_mediolateral,17
46,47,47,jawjoint_lateral,18
47,48,48,jawjoint_medial,18
48,49,49,jawjoint_posterior,18
49,50,50,jugal_anterodorsal_point,16
50,51,51,lacrimal_postlateral,19
51,52,52,lacrimal_antlateral,19
52,53,53,lacrimal_ant_most_on_descending_process,19
53,54,54,lacrimal_medial,19
54,55,55,nasal_post_lateral,5
1,207,221,SC7.rostrum.max.ventral,3
2,208,222,SC7.rostrum.max.ventral,3
3,209,223,SC7.rostrum.max.ventral,3
4,210,224,SC7.rostrum.max.ventral,3
5,211,225,SC7.rostrum.max.ventral,3
6,212,226,SC7.rostrum.max.ventral,3
7,213,227,SC7.rostrum.max.ventral,3
8,214,228,SC7.rostrum.max.ventral,3
9,215,229,SC7.rostrum.max.ventral,3
10,216,230,SC7.rostrum.max.ventral,3
11,217,231,SC7.rostrum.max.ventral,3
12,218,232,SC7.rostrum.max.ventral,3
13,219,233,SC7.rostrum.max.ventral,3
14,220,234,SC7.rostrum.max.ventral,3
15,221,235,SC7.rostrum.max.ventral,3
16,222,236,SC7.rostrum.max.ventral,3
17,223,237,SC7.rostrum.max.ventral,3
18,224,238,SC7.rostrum.max.ventral,3
19,225,239,SC7.rostrum.max.ventral,3
20,226,240,SC7.rostrum.max.ventral,3
1,227,241,SC8.rostrum.max.anterior,3
2,228,242,SC8.rostrum.max.anterior,3
3,229,243,SC8.rostrum.max.anterior,3
4,230,244,SC8.rostrum.max.anterior,3
5,231,245,SC8.rostrum.max.anterior,3
6,232,246,SC8.rostrum.max.anterior,3
7,233,247,SC8.rostrum.max.anterior,3
8,234,248,SC8.rostrum.max.anterior,3
9,235,249,SC8.rostrum.max.anterior,3
10,236,250,SC8.rostrum.max.anterior,3
11,237,251,SC8.rostrum.max.anterior,3
12,238,252,SC8.rostrum.max.anterior,3
13,239,253,SC8.rostrum.max.anterior,3
14,240,254,SC8.rostrum.max.anterior,3
15,241,255,SC8.rostrum.max.anterior,3
16,242,256,SC8.rostrum.max.anterior,3
17,243,257,SC8.rostrum.max.anterior,3
18,244,258,SC8.rostrum.max.anterior,3
19,245,259,SC8.rostrum.max.anterior,3
20,246,260,SC8.rostrum.max.anterior,3
1,247,261,SC9.rostrum.max.dorsal,3
2,248,262,SC9.rostrum.max.dorsal,3
3,249,263,SC9.rostrum.max.dorsal,3
4,250,264,SC9.rostrum.max.dorsal,3
5,251,265,SC9.rostrum.max.dorsal,3
6,252,266,SC9.rostrum.max.dorsal,3
7,253,267,SC9.rostrum.max.dorsal,3
8,254,268,SC9.rostrum.max.dorsal,3
9,255,269,SC9.rostrum.max.dorsal,3
10,256,270,SC9.rostrum.max.dorsal,3
11,257,271,SC9.rostrum.max.dorsal,3
12,258,272,SC9.rostrum.max.dorsal,3
13,259,273,SC9.rostrum.max.dorsal,3
14,260,274,SC9.rostrum.max.dorsal,3
15,261,275,SC9.rostrum.max.dorsal,3
16,262,276,SC9.rostrum.max.dorsal,3
17,263,277,SC9.rostrum.max.dorsal,3
18,264,278,SC9.rostrum.max.dorsal,3
19,265,279,SC9.rostrum.max.dorsal,3
20,266,280,SC9.rostrum.max.dorsal,3
1,267,281,SC10.rostrum.premax.ventral,4
2,268,282,SC10.rostrum.premax.ventral,4
3,269,283,SC10.rostrum.premax.ventral,4
4,270,284,SC10.rostrum.premax.ventral,4
5,271,285,SC10.rostrum.premax.ventral,4
6,272,286,SC10.rostrum.premax.ventral,4
7,273,287,SC10.rostrum.premax.ventral,4
8,274,288,SC10.rostrum.premax.ventral,4
9,275,289,SC10.rostrum.premax.ventral,4
10,276,290,SC10.rostrum.premax.ventral,4
11,277,291,SC10.rostrum.premax.ventral,4
12,278,292,SC10.rostrum.premax.ventral,4
13,279,293,SC10.rostrum.premax.ventral,4
14,280,294,SC10.rostrum.premax.ventral,4
15,281,295,SC10.rostrum.premax.ventral,4
16,282,296,SC10.rostrum.premax.ventral,4
17,283,297,SC10.rostrum.premax.ventral,4
18,284,298,SC10.rostrum.premax.ventral,4
19,285,299,SC10.rostrum.premax.ventral,4
20,286,300,SC10.rostrum.premax.ventral,4
1,287,301,SC11.rostrum.premax.midline,4
2,288,302,SC11.rostrum.premax.midline,4
3,289,303,SC11.rostrum.premax.midline,4
4,290,304,SC11.rostrum.premax.midline,4
5,291,305,SC11.rostrum.premax.midline,4
6,292,306,SC11.rostrum.premax.midline,4
7,293,307,SC11.rostrum.premax.midline,4
8,294,308,SC11.rostrum.premax.midline,4
9,295,309,SC11.rostrum.premax.midline,4
10,296,310,SC11.rostrum.premax.midline,4
11,297,311,SC11.rostrum.premax.midline,4
12,298,312,SC11.rostrum.premax.midline,4
13,299,313,SC11.rostrum.premax.midline,4
14,300,314,SC11.rostrum.premax.midline,4
15,301,315,SC11.rostrum.premax.midline,4
16,302,316,SC11.rostrum.premax.midline,4
17,303,317,SC11.rostrum.premax.midline,4
18,304,318,SC11.rostrum.premax.midline,4
19,305,319,SC11.rostrum.premax.midline,4
20,306,320,SC11.rostrum.premax.midline,4
1,307,321,SC12.rostrum.premax.narial,4
2,308,322,SC12.rostrum.premax.narial,4
3,309,323,SC12.rostrum.premax.narial,4
4,310,324,SC12.rostrum.premax.narial,4
5,311,325,SC12.rostrum.premax.narial,4
6,312,326,SC12.rostrum.premax.narial,4
7,313,327,SC12.rostrum.premax.narial,4
8,314,328,SC12.rostrum.premax.narial,4
9,315,329,SC12.rostrum.premax.narial,4
10,316,330,SC12.rostrum.premax.narial,4
11,317,331,SC12.rostrum.premax.narial,4
12,318,332,SC12.rostrum.premax.narial,4
13,319,333,SC12.rostrum.premax.narial,4
14,320,334,SC12.rostrum.premax.narial,4
15,321,335,SC12.rostrum.premax.narial,4
16,322,336,SC12.rostrum.premax.narial,4
17,323,337,SC12.rostrum.premax.narial,4
18,324,338,SC12.rostrum.premax.narial,4
19,325,339,SC12.rostrum.premax.narial,4
20,326,340,SC12.rostrum.premax.narial,4
1,327,341,SC13.rostrum.premax.posterior,4
2,328,342,SC13.rostrum.premax.posterior,4
3,329,343,SC13.rostrum.premax.posterior,4
4,330,344,SC13.rostrum.premax.posterior,4
5,331,345,SC13.rostrum.premax.posterior,4
6,332,346,SC13.rostrum.premax.posterior,4
7,333,347,SC13.rostrum.premax.posterior,4
8,334,348,SC13.rostrum.premax.posterior,4
9,335,349,SC13.rostrum.premax.posterior,4
10,336,350,SC13.rostrum.premax.posterior,4
11,337,351,SC13.rostrum.premax.posterior,4
12,338,352,SC13.rostrum.premax.posterior,4
13,339,353,SC13.rostrum.premax.posterior,4
14,340,354,SC13.rostrum.premax.posterior,4
15,341,355,SC13.rostrum.premax.posterior,4
16,342,356,SC13.rostrum.premax.posterior,4
17,343,357,SC13.rostrum.premax.posterior,4
18,344,358,SC13.rostrum.premax.posterior,4
19,345,359,SC13.rostrum.premax.posterior,4
20,346,360,SC13.rostrum.premax.posterior,4
1,347,361,SC14.nasal.midline,5
2,348,362,SC14.nasal.midline,5
3,349,363,SC14.nasal.midline,5
4,350,364,SC14.nasal.midline,5
5,351,365,SC14.nasal.midline,5
6,352,366,SC14.nasal.midline,5
7,353,367,SC14.nasal.midline,5
8,354,368,SC14.nasal.midline,5
9,355,369,SC14.nasal.midline,5
10,356,370,SC14.nasal.midline,5
11,357,371,SC14.nasal.midline,5
12,358,372,SC14.nasal.midline,5
13,359,373,SC14.nasal.midline,5
14,360,374,SC14.nasal.midline,5
15,361,375,SC14.nasal.midline,5
16,362,376,SC14.nasal.midline,5
17,363,377,SC14.nasal.midline,5
18,364,378,SC14.nasal.midline,5
19,365,379,SC14.nasal.midline,5
20,366,380,SC14.nasal.midline,5
1,367,381,SC15.nasal.frontal.border,5
2,368,382,SC15.nasal.frontal.border,5
3,369,383,SC15.nasal.frontal.border,5
4,370,384,SC15.nasal.frontal.border,5
5,371,385,SC15.nasal.frontal.border,5
6,372,386,SC15.nasal.frontal.border,5
7,373,387,SC15.nasal.frontal.border,5
8,374,388,SC15.nasal.frontal.border,5
1,375,389,SC16.nasal.lateral,5
2,376,390,SC16.nasal.lateral,5
3,377,391,SC16.nasal.lateral,5
4,378,392,SC16.nasal.lateral,5
5,379,393,SC16.nasal.lateral,5
6,380,394,SC16.nasal.lateral,5
7,381,395,SC16.nasal.lateral,5
8,382,396,SC16.nasal.lateral,5
9,383,397,SC16.nasal.lateral,5
10,384,398,SC16.nasal.lateral,5
11,385,399,SC16.nasal.lateral,5
12,386,400,SC16.nasal.lateral,5
13,387,401,SC16.nasal.lateral,5
14,388,402,SC16.nasal.lateral,5
15,389,403,SC16.nasal.lateral,5
16,390,404,SC16.nasal.lateral,5
17,391,405,SC16.nasal.lateral,5
18,392,406,SC16.nasal.lateral,5
19,393,407,SC16.nasal.lateral,5
20,394,408,SC16.nasal.lateral,5
1,395,409,SC17.nasal.narial,5
2,396,410,SC17.nasal.narial,5
3,397,411,SC17.nasal.narial,5
4,398,412,SC17.nasal.narial,5
5,399,413,SC17.nasal.narial,5
6,400,414,SC17.nasal.narial,5
7,401,415,SC17.nasal.narial,5
8,402,416,SC17.nasal.narial,5
9,403,417,SC17.nasal.narial,5
10,404,418,SC17.nasal.narial,5
11,405,419,SC17.nasal.narial,5
12,406,420,SC17.nasal.narial,5
13,407,421,SC17.nasal.narial,5
14,408,422,SC17.nasal.narial,5
15,409,423,SC17.nasal.narial,5
16,410,424,SC17.nasal.narial,5
17,411,425,SC17.nasal.narial,5
18,412,426,SC17.nasal.narial,5
19,413,427,SC17.nasal.narial,5
20,414,428,SC17.nasal.narial,5
1,415,429,SC18.nasal.anteromedial,5
2,416,430,SC18.nasal.anteromedial,5
3,417,431,SC18.nasal.anteromedial,5
4,418,432,SC18.nasal.anteromedial,5
5,419,433,SC18.nasal.anteromedial,5
6,420,434,SC18.nasal.anteromedial,5
7,421,435,SC18.nasal.anteromedial,5
8,422,436,SC18.nasal.anteromedial,5
1,423,437,SC19.frontal.midline,6
2,424,438,SC19.frontal.midline,6
3,425,439,SC19.frontal.midline,6
4,426,440,SC19.frontal.midline,6
5,427,441,SC19.frontal.midline,6
6,428,442,SC19.frontal.midline,6
7,429,443,SC19.frontal.midline,6
8,430,444,SC19.frontal.midline,6
9,431,445,SC19.frontal.midline,6
10,432,446,SC19.frontal.midline,6
11,433,447,SC19.frontal.midline,6
12,434,448,SC19.frontal.midline,6
13,435,449,SC19.frontal.midline,6
14,436,450,SC19.frontal.midline,6
15,437,451,SC19.frontal.midline,6
16,438,452,SC19.frontal.midline,6
17,439,453,SC19.frontal.midline,6
18,440,454,SC19.frontal.midline,6
19,441,455,SC19.frontal.midline,6
20,442,456,SC19.frontal.midline,6
1,443,457,SC20.frontal.posterior,6
2,444,458,SC20.frontal.posterior,6
3,445,459,SC20.frontal.posterior,6
4,446,460,SC20.frontal.posterior,6
5,447,461,SC20.frontal.posterior,6
6,448,462,SC20.frontal.posterior,6
7,449,463,SC20.frontal.posterior,6
8,450,464,SC20.frontal.posterior,6
9,451,465,SC20.frontal.posterior,6
10,452,466,SC20.frontal.posterior,6
11,453,467,SC20.frontal.posterior,6
12,454,468,SC20.frontal.posterior,6
13,455,469,SC20.frontal.posterior,6
14,456,470,SC20.frontal.posterior,6
15,457,471,SC20.frontal.posterior,6
16,458,472,SC20.frontal.posterior,6
17,459,473,SC20.frontal.posterior,6
18,460,474,SC20.frontal.posterior,6
19,461,475,SC20.frontal.posterior,6
20,462,476,SC20.frontal.posterior,6
1,463,477,SC21.frontal.lateral,6
2,464,478,SC21.frontal.lateral,6
3,465,479,SC21.frontal.lateral,6
4,466,480,SC21.frontal.lateral,6
5,467,481,SC21.frontal.lateral,6
6,468,482,SC21.frontal.lateral,6
7,469,483,SC21.frontal.lateral,6
8,470,484,SC21.frontal.lateral,6
9,471,485,SC21.frontal.lateral,6
10,472,486,SC21.frontal.lateral,6
11,473,487,SC21.frontal.lateral,6
12,474,488,SC21.frontal.lateral,6
13,475,489,SC21.frontal.lateral,6
14,476,490,SC21.frontal.lateral,6
15,477,491,SC21.frontal.lateral,6
16,478,492,SC21.frontal.lateral,6
17,479,493,SC21.frontal.lateral,6
18,480,494,SC21.frontal.lateral,6
19,481,495,SC21.frontal.lateral,6
20,482,496,SC21.frontal.lateral,6
1,483,497,SC22.frontal.anterior,6
2,484,498,SC22.frontal.anterior,6
3,485,499,SC22.frontal.anterior,6
4,486,500,SC22.frontal.anterior,6
5,487,501,SC22.frontal.anterior,6
6,488,502,SC22.frontal.anterior,6
7,489,503,SC22.frontal.anterior,6
8,490,504,SC22.frontal.anterior,6
9,491,505,SC22.frontal.anterior,6
10,492,506,SC22.frontal.anterior,6
11,493,507,SC22.frontal.anterior,6
12,494,508,SC22.frontal.anterior,6
13,495,509,SC22.frontal.anterior,6
14,496,510,SC22.frontal.anterior,6
15,497,511,SC22.frontal.anterior,6
16,498,512,SC22.frontal.anterior,6
17,499,513,SC22.frontal.anterior,6
18,500,514,SC22.frontal.anterior,6
19,501,515,SC22.frontal.anterior,6
20,502,516,SC22.frontal.anterior,6
1,503,517,SC23.parietal.midline,7
2,504,518,SC23.parietal.midline,7
3,505,519,SC23.parietal.midline,7
4,506,520,SC23.parietal.midline,7
5,507,521,SC23.parietal.midline,7
6,508,522,SC23.parietal.midline,7
7,509,523,SC23.parietal.midline,7
8,510,524,SC23.parietal.midline,7
9,511,525,SC23.parietal.midline,7
10,512,526,SC23.parietal.midline,7
11,513,527,SC23.parietal.midline,7
12,514,528,SC23.parietal.midline,7
13,515,529,SC23.parietal.midline,7
14,516,530,SC23.parietal.midline,7
15,517,531,SC23.parietal.midline,7
16,518,532,SC23.parietal.midline,7
17,519,533,SC23.parietal.midline,7
18,520,534,SC23.parietal.midline,7
19,521,535,SC23.parietal.midline,7
20,522,536,SC23.parietal.midline,7
1,523,537,SC24.parietal.postlateral,7
2,524,538,SC24.parietal.postlateral,7
3,525,539,SC24.parietal.postlateral,7
4,526,540,SC24.parietal.postlateral,7
5,527,541,SC24.parietal.postlateral,7
6,528,542,SC24.parietal.postlateral,7
7,529,543,SC24.parietal.postlateral,7
8,530,544,SC24.parietal.postlateral,7
9,531,545,SC24.parietal.postlateral,7
10,532,546,SC24.parietal.postlateral,7
11,533,547,SC24.parietal.postlateral,7
12,534,548,SC24.parietal.postlateral,7
13,535,549,SC24.parietal.postlateral,7
14,536,550,SC24.parietal.postlateral,7
15,537,551,SC24.parietal.postlateral,7
16,538,552,SC24.parietal.postlateral,7
17,539,553,SC24.parietal.postlateral,7
18,540,554,SC24.parietal.postlateral,7
19,541,555,SC24.parietal.postlateral,7
20,542,556,SC24.parietal.postlateral,7
21,543,557,SC24.parietal.postlateral,7
22,544,558,SC24.parietal.postlateral,7
23,545,559,SC24.parietal.postlateral,7
24,546,560,SC24.parietal.postlateral,7
25,547,561,SC24.parietal.postlateral,7
26,548,562,SC24.parietal.postlateral,7
27,549,563,SC24.parietal.postlateral,7
28,550,564,SC24.parietal.postlateral,7
29,551,565,SC24.parietal.postlateral,7
30,552,566,SC24.parietal.postlateral,7
1,553,567,SC25.parietal.anterior,7
2,554,568,SC25.parietal.anterior,7
3,555,569,SC25.parietal.anterior,7
4,556,570,SC25.parietal.anterior,7
5,557,571,SC25.parietal.anterior,7
6,558,572,SC25.parietal.anterior,7
7,559,573,SC25.parietal.anterior,7
8,560,574,SC25.parietal.anterior,7
9,561,575,SC25.parietal.anterior,7
10,562,576,SC25.parietal.anterior,7
11,563,577,SC25.parietal.anterior,7
12,564,578,SC25.parietal.anterior,7
13,565,579,SC25.parietal.anterior,7
14,566,580,SC25.parietal.anterior,7
15,567,581,SC25.parietal.anterior,7
16,568,582,SC25.parietal.anterior,7
17,569,583,SC25.parietal.anterior,7
18,570,584,SC25.parietal.anterior,7
19,571,585,SC25.parietal.anterior,7
20,572,586,SC25.parietal.anterior,7
1,573,587,SC26.supraoccipital.midline,8
2,574,588,SC26.supraoccipital.midline,8
3,575,589,SC26.supraoccipital.midline,8
4,576,590,SC26.supraoccipital.midline,8
5,577,591,SC26.supraoccipital.midline,8
6,578,592,SC26.supraoccipital.midline,8
7,579,593,SC26.supraoccipital.midline,8
8,580,594,SC26.supraoccipital.midline,8
9,581,595,SC26.supraoccipital.midline,8
10,582,596,SC26.supraoccipital.midline,8
11,583,597,SC26.supraoccipital.midline,8
12,584,598,SC26.supraoccipital.midline,8
13,585,599,SC26.supraoccipital.midline,8
14,586,600,SC26.supraoccipital.midline,8
15,587,601,SC26.supraoccipital.midline,8
16,588,602,SC26.supraoccipital.midline,8
17,589,603,SC26.supraoccipital.midline,8
18,590,604,SC26.supraoccipital.midline,8
19,591,605,SC26.supraoccipital.midline,8
20,592,606,SC26.supraoccipital.midline,8
1,628,642,SC29.supraoccipital.ventral,8
2,629,643,SC29.supraoccipital.ventral,8
3,630,644,SC29.supraoccipital.ventral,8
4,631,645,SC29.supraoccipital.ventral,8
5,632,646,SC29.supraoccipital.ventral,8
6,633,647,SC29.supraoccipital.ventral,8
7,634,648,SC29.supraoccipital.ventral,8
8,635,649,SC29.supraoccipital.ventral,8
9,636,650,SC29.supraoccipital.ventral,8
10,637,651,SC29.supraoccipital.ventral,8
11,638,652,SC29.supraoccipital.ventral,8
12,639,653,SC29.supraoccipital.ventral,8
13,640,654,SC29.supraoccipital.ventral,8
14,641,655,SC29.supraoccipital.ventral,8
15,642,656,SC29.supraoccipital.ventral,8
16,643,657,SC29.supraoccipital.ventral,8
17,644,658,SC29.supraoccipital.ventral,8
18,645,659,SC29.supraoccipital.ventral,8
19,646,660,SC29.supraoccipital.ventral,8
20,647,661,SC29.supraoccipital.ventral,8
1,648,662,SC30.supraoccipital.lateral,8
2,649,663,SC30.supraoccipital.lateral,8
3,650,664,SC30.supraoccipital.lateral,8
4,651,665,SC30.supraoccipital.lateral,8
5,652,666,SC30.supraoccipital.lateral,8
6,653,667,SC30.supraoccipital.lateral,8
7,654,668,SC30.supraoccipital.lateral,8
8,655,669,SC30.supraoccipital.lateral,8
9,656,670,SC30.supraoccipital.lateral,8
10,657,671,SC30.supraoccipital.lateral,8
11,658,672,SC30.supraoccipital.lateral,8
12,659,673,SC30.supraoccipital.lateral,8
13,660,674,SC30.supraoccipital.lateral,8
14,661,675,SC30.supraoccipital.lateral,8
15,662,676,SC30.supraoccipital.lateral,8
1,663,677,SC31.supraoccipital.dorsal,8
2,664,678,SC31.supraoccipital.dorsal,8
3,665,679,SC31.supraoccipital.dorsal,8
4,666,680,SC31.supraoccipital.dorsal,8
5,667,681,SC31.supraoccipital.dorsal,8
6,668,682,SC31.supraoccipital.dorsal,8
7,669,683,SC31.supraoccipital.dorsal,8
8,670,684,SC31.supraoccipital.dorsal,8
9,671,685,SC31.supraoccipital.dorsal,8
10,672,686,SC31.supraoccipital.dorsal,8
11,673,687,SC31.supraoccipital.dorsal,8
12,674,688,SC31.supraoccipital.dorsal,8
13,675,689,SC31.supraoccipital.dorsal,8
14,676,690,SC31.supraoccipital.dorsal,8
15,677,691,SC31.supraoccipital.dorsal,8
16,678,692,SC31.supraoccipital.dorsal,8
17,679,693,SC31.supraoccipital.dorsal,8
18,680,694,SC31.supraoccipital.dorsal,8
19,681,695,SC31.supraoccipital.dorsal,8
20,682,696,SC31.supraoccipital.dorsal,8
1,683,697,SC32.occipital.condyle.lateral,10
2,684,698,SC32.occipital.condyle.lateral,10
3,685,699,SC32.occipital.condyle.lateral,10
4,686,700,SC32.occipital.condyle.lateral,10
5,687,701,SC32.occipital.condyle.lateral,10
6,688,702,SC32.occipital.condyle.lateral,10
7,689,703,SC32.occipital.condyle.lateral,10
8,690,704,SC32.occipital.condyle.lateral,10
9,691,705,SC32.occipital.condyle.lateral,10
10,692,706,SC32.occipital.condyle.lateral,10
11,693,707,SC32.occipital.condyle.lateral,10
12,694,708,SC32.occipital.condyle.lateral,10
13,695,709,SC32.occipital.condyle.lateral,10
14,696,710,SC32.occipital.condyle.lateral,10
15,697,711,SC32.occipital.condyle.lateral,10
16,698,712,SC32.occipital.condyle.lateral,10
17,699,713,SC32.occipital.condyle.lateral,10
18,700,714,SC32.occipital.condyle.lateral,10
19,701,715,SC32.occipital.condyle.lateral,10
20,702,716,SC32.occipital.condyle.lateral,10
1,703,717,SC33.occipital.condyle.midline,10
2,704,718,SC33.occipital.condyle.midline,10
3,705,719,SC33.occipital.condyle.midline,10
4,706,720,SC33.occipital.condyle.midline,10
5,707,721,SC33.occipital.condyle.midline,10
6,708,722,SC33.occipital.condyle.midline,10
7,709,723,SC33.occipital.condyle.midline,10
8,710,724,SC33.occipital.condyle.midline,10
9,711,725,SC33.occipital.condyle.midline,10
10,712,726,SC33.occipital.condyle.midline,10
11,713,727,SC33.occipital.condyle.midline,10
12,714,728,SC33.occipital.condyle.midline,10
13,715,729,SC33.occipital.condyle.midline,10
14,716,730,SC33.occipital.condyle.midline,10
15,717,731,SC33.occipital.condyle.midline,10
16,718,732,SC33.occipital.condyle.midline,10
17,719,733,SC33.occipital.condyle.midline,10
18,720,734,SC33.occipital.condyle.midline,10
19,721,735,SC33.occipital.condyle.midline,10
20,722,736,SC33.occipital.condyle.midline,10
1,723,737,SC34.basioccipital.dorsal,11
2,724,738,SC34.basioccipital.dorsal,11
3,725,739,SC34.basioccipital.dorsal,11
4,726,740,SC34.basioccipital.dorsal,11
5,727,741,SC34.basioccipital.dorsal,11
6,728,742,SC34.basioccipital.dorsal,11
7,729,743,SC34.basioccipital.dorsal,11
8,730,744,SC34.basioccipital.dorsal,11
9,731,745,SC34.basioccipital.dorsal,11
10,732,746,SC34.basioccipital.dorsal,11
11,733,747,SC34.basioccipital.dorsal,11
12,734,748,SC34.basioccipital.dorsal,11
13,735,749,SC34.basioccipital.dorsal,11
14,736,750,SC34.basioccipital.dorsal,11
15,737,751,SC34.basioccipital.dorsal,11
16,738,752,SC34.basioccipital.dorsal,11
17,739,753,SC34.basioccipital.dorsal,11
18,740,754,SC34.basioccipital.dorsal,11
19,741,755,SC34.basioccipital.dorsal,11
20,742,756,SC34.basioccipital.dorsal,11
1,743,757,SC35.basioccipital.lateral,11
2,744,758,SC35.basioccipital.lateral,11
3,745,759,SC35.basioccipital.lateral,11
4,746,760,SC35.basioccipital.lateral,11
5,747,761,SC35.basioccipital.lateral,11
6,748,762,SC35.basioccipital.lateral,11
7,749,763,SC35.basioccipital.lateral,11
8,750,764,SC35.basioccipital.lateral,11
9,751,765,SC35.basioccipital.lateral,11
10,752,766,SC35.basioccipital.lateral,11
11,753,767,SC35.basioccipital.lateral,11
12,754,768,SC35.basioccipital.lateral,11
13,755,769,SC35.basioccipital.lateral,11
14,756,770,SC35.basioccipital.lateral,11
15,757,771,SC35.basioccipital.lateral,11
16,758,772,SC35.basioccipital.lateral,11
17,759,773,SC35.basioccipital.lateral,11
18,760,774,SC35.basioccipital.lateral,11
19,761,775,SC35.basioccipital.lateral,11
20,762,776,SC35.basioccipital.lateral,11
1,763,777,SC36.basioccipital.midline,11
2,764,778,SC36.basioccipital.midline,11
3,765,779,SC36.basioccipital.midline,11
4,766,780,SC36.basioccipital.midline,11
5,767,781,SC36.basioccipital.midline,11
6,768,782,SC36.basioccipital.midline,11
7,769,783,SC36.basioccipital.midline,11
8,770,784,SC36.basioccipital.midline,11
9,771,785,SC36.basioccipital.midline,11
10,772,786,SC36.basioccipital.midline,11
11,773,787,SC36.basioccipital.midline,11
12,774,788,SC36.basioccipital.midline,11
13,775,789,SC36.basioccipital.midline,11
14,776,790,SC36.basioccipital.midline,11
15,777,791,SC36.basioccipital.midline,11
16,778,792,SC36.basioccipital.midline,11
17,779,793,SC36.basioccipital.midline,11
18,780,794,SC36.basioccipital.midline,11
19,781,795,SC36.basioccipital.midline,11
20,782,796,SC36.basioccipital.midline,11
1,953,967,SC45.PO.ant,15
2,954,968,SC45.PO.ant,15
3,955,969,SC45.PO.ant,15
4,956,970,SC45.PO.ant,15
5,957,971,SC45.PO.ant,15
6,958,972,SC45.PO.ant,15
7,959,973,SC45.PO.ant,15
8,960,974,SC45.PO.ant,15
9,961,975,SC45.PO.ant,15
10,962,976,SC45.PO.ant,15
11,963,977,SC45.PO.ant,15
12,964,978,SC45.PO.ant,15
13,965,979,SC45.PO.ant,15
14,966,980,SC45.PO.ant,15
15,967,981,SC45.PO.ant,15
16,968,982,SC45.PO.ant,15
17,969,983,SC45.PO.ant,15
18,970,984,SC45.PO.ant,15
19,971,985,SC45.PO.ant,15
20,972,986,SC45.PO.ant,15
1,973,987,SC46.PO.post,15
2,974,988,SC46.PO.post,15
3,975,989,SC46.PO.post,15
4,976,990,SC46.PO.post,15
5,977,991,SC46.PO.post,15
6,978,992,SC46.PO.post,15
7,979,993,SC46.PO.post,15
8,980,994,SC46.PO.post,15
9,981,995,SC46.PO.post,15
10,982,996,SC46.PO.post,15
11,983,997,SC46.PO.post,15
12,984,998,SC46.PO.post,15
13,985,999,SC46.PO.post,15
14,986,1000,SC46.PO.post,15
15,987,1001,SC46.PO.post,15
16,988,1002,SC46.PO.post,15
17,989,1003,SC46.PO.post,15
18,990,1004,SC46.PO.post,15
19,991,1005,SC46.PO.post,15
20,992,1006,SC46.PO.post,15
1,993,1007,SC47.PO.superior,15
2,994,1008,SC47.PO.superior,15
3,995,1009,SC47.PO.superior,15
4,996,1010,SC47.PO.superior,15
5,997,1011,SC47.PO.superior,15
6,998,1012,SC47.PO.superior,15
7,999,1013,SC47.PO.superior,15
8,1000,1014,SC47.PO.superior,15
9,1001,1015,SC47.PO.superior,15
10,1002,1016,SC47.PO.superior,15
11,1003,1017,SC47.PO.superior,15
12,1004,1018,SC47.PO.superior,15
13,1005,1019,SC47.PO.superior,15
14,1006,1020,SC47.PO.superior,15
15,1007,1021,SC47.PO.superior,15
16,1008,1022,SC47.PO.superior,15
17,1009,1023,SC47.PO.superior,15
18,1010,1024,SC47.PO.superior,15
19,1011,1025,SC47.PO.superior,15
20,1012,1026,SC47.PO.superior,15
1,1013,1027,SC48.jugal.lacrimal.side,16
2,1014,1028,SC48.jugal.lacrimal.side,16
3,1015,1029,SC48.jugal.lacrimal.side,16
4,1016,1030,SC48.jugal.lacrimal.side,16
5,1017,1031,SC48.jugal.lacrimal.side,16
6,1018,1032,SC48.jugal.lacrimal.side,16
7,1019,1033,SC48.jugal.lacrimal.side,16
8,1020,1034,SC48.jugal.lacrimal.side,16
9,1021,1035,SC48.jugal.lacrimal.side,16
10,1022,1036,SC48.jugal.lacrimal.side,16
11,1023,1037,SC48.jugal.lacrimal.side,16
12,1024,1038,SC48.jugal.lacrimal.side,16
13,1025,1039,SC48.jugal.lacrimal.side,16
14,1026,1040,SC48.jugal.lacrimal.side,16
15,1027,1041,SC48.jugal.lacrimal.side,16
16,1028,1042,SC48.jugal.lacrimal.side,16
17,1029,1043,SC48.jugal.lacrimal.side,16
18,1030,1044,SC48.jugal.lacrimal.side,16
19,1031,1045,SC48.jugal.lacrimal.side,16
20,1032,1046,SC48.jugal.lacrimal.side,16
1,1033,1047,SC49.jugal.anterior,16
2,1034,1048,SC49.jugal.anterior,16
3,1035,1049,SC49.jugal.anterior,16
4,1036,1050,SC49.jugal.anterior,16
5,1037,1051,SC49.jugal.anterior,16
6,1038,1052,SC49.jugal.anterior,16
7,1039,1053,SC49.jugal.anterior,16
8,1040,1054,SC49.jugal.anterior,16
9,1041,1055,SC49.jugal.anterior,16
10,1042,1056,SC49.jugal.anterior,16
11,1043,1057,SC49.jugal.anterior,16
12,1044,1058,SC49.jugal.anterior,16
13,1045,1059,SC49.jugal.anterior,16
14,1046,1060,SC49.jugal.anterior,16
15,1047,1061,SC49.jugal.anterior,16
16,1048,1062,SC49.jugal.anterior,16
17,1049,1063,SC49.jugal.anterior,16
18,1050,1064,SC49.jugal.anterior,16
19,1051,1065,SC49.jugal.anterior,16
20,1052,1066,SC49.jugal.anterior,16
1,1053,1067,SC50.jugal.ventral,16
2,1054,1068,SC50.jugal.ventral,16
3,1055,1069,SC50.jugal.ventral,16
4,1056,1070,SC50.jugal.ventral,16
5,1057,1071,SC50.jugal.ventral,16
6,1058,1072,SC50.jugal.ventral,16
7,1059,1073,SC50.jugal.ventral,16
8,1060,1074,SC50.jugal.ventral,16
9,1061,1075,SC50.jugal.ventral,16
10,1062,1076,SC50.jugal.ventral,16
11,1063,1077,SC50.jugal.ventral,16
12,1064,1078,SC50.jugal.ventral,16
13,1065,1079,SC50.jugal.ventral,16
14,1066,1080,SC50.jugal.ventral,16
15,1067,1081,SC50.jugal.ventral,16
16,1068,1082,SC50.jugal.ventral,16
17,1069,1083,SC50.jugal.ventral,16
18,1070,1084,SC50.jugal.ventral,16
19,1071,1085,SC50.jugal.ventral,16
20,1072,1086,SC50.jugal.ventral,16
1,1073,1087,SC51.jugal.posterior,16
2,1074,1088,SC51.jugal.posterior,16
3,1075,1089,SC51.jugal.posterior,16
4,1076,1090,SC51.jugal.posterior,16
5,1077,1091,SC51.jugal.posterior,16
6,1078,1092,SC51.jugal.posterior,16
7,1079,1093,SC51.jugal.posterior,16
8,1080,1094,SC51.jugal.posterior,16
9,1081,1095,SC51.jugal.posterior,16
10,1082,1096,SC51.jugal.posterior,16
11,1083,1097,SC51.jugal.posterior,16
12,1084,1098,SC51.jugal.posterior,16
13,1085,1099,SC51.jugal.posterior,16
14,1086,1100,SC51.jugal.posterior,16
15,1087,1101,SC51.jugal.posterior,16
16,1088,1102,SC51.jugal.posterior,16
17,1089,1103,SC51.jugal.posterior,16
18,1090,1104,SC51.jugal.posterior,16
19,1091,1105,SC51.jugal.posterior,16
20,1092,1106,SC51.jugal.posterior,16
1,1093,1107,SC52.jugal.temporal,16
2,1094,1108,SC52.jugal.temporal,16
3,1095,1109,SC52.jugal.temporal,16
4,1096,1110,SC52.jugal.temporal,16
5,1097,1111,SC52.jugal.temporal,16
6,1098,1112,SC52.jugal.temporal,16
7,1099,1113,SC52.jugal.temporal,16
8,1100,1114,SC52.jugal.temporal,16
9,1101,1115,SC52.jugal.temporal,16
10,1102,1116,SC52.jugal.temporal,16
11,1103,1117,SC52.jugal.temporal,16
12,1104,1118,SC52.jugal.temporal,16
13,1105,1119,SC52.jugal.temporal,16
14,1106,1120,SC52.jugal.temporal,16
15,1107,1121,SC52.jugal.temporal,16
16,1108,1122,SC52.jugal.temporal,16
17,1109,1123,SC52.jugal.temporal,16
18,1110,1124,SC52.jugal.temporal,16
19,1111,1125,SC52.jugal.temporal,16
20,1112,1126,SC52.jugal.temporal,16
1,1113,1127,SC53.jugal.orbital,16
2,1114,1128,SC53.jugal.orbital,16
3,1115,1129,SC53.jugal.orbital,16
4,1116,1130,SC53.jugal.orbital,16
5,1117,1131,SC53.jugal.orbital,16
6,1118,1132,SC53.jugal.orbital,16
7,1119,1133,SC53.jugal.orbital,16
8,1120,1134,SC53.jugal.orbital,16
9,1121,1135,SC53.jugal.orbital,16
10,1122,1136,SC53.jugal.orbital,16
11,1123,1137,SC53.jugal.orbital,16
12,1124,1138,SC53.jugal.orbital,16
13,1125,1139,SC53.jugal.orbital,16
14,1126,1140,SC53.jugal.orbital,16
15,1127,1141,SC53.jugal.orbital,16
16,1128,1142,SC53.jugal.orbital,16
17,1129,1143,SC53.jugal.orbital,16
18,1130,1144,SC53.jugal.orbital,16
19,1131,1145,SC53.jugal.orbital,16
20,1132,1146,SC53.jugal.orbital,16
1,1133,1147,SC54.squamosal.ant,17
2,1134,1148,SC54.squamosal.ant,17
3,1135,1149,SC54.squamosal.ant,17
4,1136,1150,SC54.squamosal.ant,17
5,1137,1151,SC54.squamosal.ant,17
6,1138,1152,SC54.squamosal.ant,17
7,1139,1153,SC54.squamosal.ant,17
8,1140,1154,SC54.squamosal.ant,17
9,1141,1155,SC54.squamosal.ant,17
10,1142,1156,SC54.squamosal.ant,17
11,1143,1157,SC54.squamosal.ant,17
12,1144,1158,SC54.squamosal.ant,17
13,1145,1159,SC54.squamosal.ant,17
14,1146,1160,SC54.squamosal.ant,17
15,1147,1161,SC54.squamosal.ant,17
16,1148,1162,SC54.squamosal.ant,17
17,1149,1163,SC54.squamosal.ant,17
18,1150,1164,SC54.squamosal.ant,17
19,1151,1165,SC54.squamosal.ant,17
20,1152,1166,SC54.squamosal.ant,17
1,1153,1167,SC55.squamosal.dorsal,17
2,1154,1168,SC55.squamosal.dorsal,17
3,1155,1169,SC55.squamosal.dorsal,17
4,1156,1170,SC55.squamosal.dorsal,17
5,1157,1171,SC55.squamosal.dorsal,17
6,1158,1172,SC55.squamosal.dorsal,17
7,1159,1173,SC55.squamosal.dorsal,17
8,1160,1174,SC55.squamosal.dorsal,17
9,1161,1175,SC55.squamosal.dorsal,17
10,1162,1176,SC55.squamosal.dorsal,17
11,1163,1177,SC55.squamosal.dorsal,17
12,1164,1178,SC55.squamosal.dorsal,17
13,1165,1179,SC55.squamosal.dorsal,17
14,1166,1180,SC55.squamosal.dorsal,17
15,1167,1181,SC55.squamosal.dorsal,17
16,1168,1182,SC55.squamosal.dorsal,17
17,1169,1183,SC55.squamosal.dorsal,17
18,1170,1184,SC55.squamosal.dorsal,17
19,1171,1185,SC55.squamosal.dorsal,17
20,1172,1186,SC55.squamosal.dorsal,17
1,1173,1187,SC56.squamosal.post,17
2,1174,1188,SC56.squamosal.post,17
3,1175,1189,SC56.squamosal.post,17
4,1176,1190,SC56.squamosal.post,17
5,1177,1191,SC56.squamosal.post,17
6,1178,1192,SC56.squamosal.post,17
7,1179,1193,SC56.squamosal.post,17
8,1180,1194,SC56.squamosal.post,17
9,1181,1195,SC56.squamosal.post,17
10,1182,1196,SC56.squamosal.post,17
11,1183,1197,SC56.squamosal.post,17
12,1184,1198,SC56.squamosal.post,17
13,1185,1199,SC56.squamosal.post,17
14,1186,1200,SC56.squamosal.post,17
15,1187,1201,SC56.squamosal.post,17
16,1188,1202,SC56.squamosal.post,17
17,1189,1203,SC56.squamosal.post,17
18,1190,1204,SC56.squamosal.post,17
19,1191,1205,SC56.squamosal.post,17
20,1192,1206,SC56.squamosal.post,17
1,1193,1207,SC57.jawjoint.post.lateral,18
2,1194,1208,SC57.jawjoint.post.lateral,18
3,1195,1209,SC57.jawjoint.post.lateral,18
4,1196,1210,SC57.jawjoint.post.lateral,18
5,1197,1211,SC57.jawjoint.post.lateral,18
6,1198,1212,SC57.jawjoint.post.lateral,18
7,1199,1213,SC57.jawjoint.post.lateral,18
8,1200,1214,SC57.jawjoint.post.lateral,18
9,1201,1215,SC57.jawjoint.post.lateral,18
10,1202,1216,SC57.jawjoint.post.lateral,18
11,1203,1217,SC57.jawjoint.post.lateral,18
12,1204,1218,SC57.jawjoint.post.lateral,18
13,1205,1219,SC57.jawjoint.post.lateral,18
14,1206,1220,SC57.jawjoint.post.lateral,18
15,1207,1221,SC57.jawjoint.post.lateral,18
1,1208,1222,SC58.jawjoint.post.medial,18
2,1209,1223,SC58.jawjoint.post.medial,18
3,1210,1224,SC58.jawjoint.post.medial,18
4,1211,1225,SC58.jawjoint.post.medial,18
5,1212,1226,SC58.jawjoint.post.medial,18
6,1213,1227,SC58.jawjoint.post.medial,18
7,1214,1228,SC58.jawjoint.post.medial,18
8,1215,1229,SC58.jawjoint.post.medial,18
9,1216,1230,SC58.jawjoint.post.medial,18
10,1217,1231,SC58.jawjoint.post.medial,18
11,1218,1232,SC58.jawjoint.post.medial,18
12,1219,1233,SC58.jawjoint.post.medial,18
13,1220,1234,SC58.jawjoint.post.medial,18
14,1221,1235,SC58.jawjoint.post.medial,18
15,1222,1236,SC58.jawjoint.post.medial,18
16,1223,1237,SC58.jawjoint.post.medial,18
17,1224,1238,SC58.jawjoint.post.medial,18
18,1225,1239,SC58.jawjoint.post.medial,18
19,1226,1240,SC58.jawjoint.post.medial,18
20,1227,1241,SC58.jawjoint.post.medial,18
1,1228,1242,SC59.jawjoint.ant,18
2,1229,1243,SC59.jawjoint.ant,18
3,1230,1244,SC59.jawjoint.ant,18
4,1231,1245,SC59.jawjoint.ant,18
5,1232,1246,SC59.jawjoint.ant,18
6,1233,1247,SC59.jawjoint.ant,18
7,1234,1248,SC59.jawjoint.ant,18
8,1235,1249,SC59.jawjoint.ant,18
9,1236,1250,SC59.jawjoint.ant,18
10,1237,1251,SC59.jawjoint.ant,18
11,1238,1252,SC59.jawjoint.ant,18
12,1239,1253,SC59.jawjoint.ant,18
13,1240,1254,SC59.jawjoint.ant,18
14,1241,1255,SC59.jawjoint.ant,18
15,1242,1256,SC59.jawjoint.ant,18
16,1243,1257,SC59.jawjoint.ant,18
17,1244,1258,SC59.jawjoint.ant,18
18,1245,1259,SC59.jawjoint.ant,18
19,1246,1260,SC59.jawjoint.ant,18
20,1247,1261,SC59.jawjoint.ant,18
1,1248,1262,SC60.lacrimal.post,19
2,1249,1263,SC60.lacrimal.post,19
3,1250,1264,SC60.lacrimal.post,19
4,1251,1265,SC60.lacrimal.post,19
5,1252,1266,SC60.lacrimal.post,19
6,1253,1267,SC60.lacrimal.post,19
7,1254,1268,SC60.lacrimal.post,19
8,1255,1269,SC60.lacrimal.post,19
9,1256,1270,SC60.lacrimal.post,19
10,1257,1271,SC60.lacrimal.post,19
11,1258,1272,SC60.lacrimal.post,19
12,1259,1273,SC60.lacrimal.post,19
13,1260,1274,SC60.lacrimal.post,19
14,1261,1275,SC60.lacrimal.post,19
15,1262,1276,SC60.lacrimal.post,19
16,1263,1277,SC60.lacrimal.post,19
17,1264,1278,SC60.lacrimal.post,19
18,1265,1279,SC60.lacrimal.post,19
19,1266,1280,SC60.lacrimal.post,19
20,1267,1281,SC60.lacrimal.post,19
1,1268,1282,SC61.lacrimal.ant,19
2,1269,1283,SC61.lacrimal.ant,19
3,1270,1284,SC61.lacrimal.ant,19
4,1271,1285,SC61.lacrimal.ant,19
5,1272,1286,SC61.lacrimal.ant,19
6,1273,1287,SC61.lacrimal.ant,19
7,1274,1288,SC61.lacrimal.ant,19
8,1275,1289,SC61.lacrimal.ant,19
9,1276,1290,SC61.lacrimal.ant,19
10,1277,1291,SC61.lacrimal.ant,19
11,1278,1292,SC61.lacrimal.ant,19
12,1279,1293,SC61.lacrimal.ant,19
13,1280,1294,SC61.lacrimal.ant,19
14,1281,1295,SC61.lacrimal.ant,19
15,1282,1296,SC61.lacrimal.ant,19
16,1283,1297,SC61.lacrimal.ant,19
17,1284,1298,SC61.lacrimal.ant,19
18,1285,1299,SC61.lacrimal.ant,19
19,1286,1300,SC61.lacrimal.ant,19
20,1287,1301,SC61.lacrimal.ant,19
1,1288,1302,SC62.lacrimal.prefrontal.anteromedial,19
2,1289,1303,SC62.lacrimal.prefrontal.anteromedial,19
3,1290,1304,SC62.lacrimal.prefrontal.anteromedial,19
4,1291,1305,SC62.lacrimal.prefrontal.anteromedial,19
5,1292,1306,SC62.lacrimal.prefrontal.anteromedial,19
6,1293,1307,SC62.lacrimal.prefrontal.anteromedial,19
7,1294,1308,SC62.lacrimal.prefrontal.anteromedial,19
8,1295,1309,SC62.lacrimal.prefrontal.anteromedial,19
9,1296,1310,SC62.lacrimal.prefrontal.anteromedial,19
10,1297,1311,SC62.lacrimal.prefrontal.anteromedial,19
11,1298,1312,SC62.lacrimal.prefrontal.anteromedial,19
12,1299,1313,SC62.lacrimal.prefrontal.anteromedial,19
13,1300,1314,SC62.lacrimal.prefrontal.anteromedial,19
14,1301,1315,SC62.lacrimal.prefrontal.anteromedial,19
15,1302,1316,SC62.lacrimal.prefrontal.anteromedial,19
16,1303,1317,SC62.lacrimal.prefrontal.anteromedial,19
17,1304,1318,SC62.lacrimal.prefrontal.anteromedial,19
18,1305,1319,SC62.lacrimal.prefrontal.anteromedial,19
19,1306,1320,SC62.lacrimal.prefrontal.anteromedial,19
20,1307,1321,SC62.lacrimal.prefrontal.anteromedial,19
1,1308,1322,SC63.lacrimal.prefrontal.posteromedial,19
2,1309,1323,SC63.lacrimal.prefrontal.posteromedial,19
3,1310,1324,SC63.lacrimal.prefrontal.posteromedial,19
4,1311,1325,SC63.lacrimal.prefrontal.posteromedial,19
5,1312,1326,SC63.lacrimal.prefrontal.posteromedial,19
6,1313,1327,SC63.lacrimal.prefrontal.posteromedial,19
7,1314,1328,SC63.lacrimal.prefrontal.posteromedial,19
8,1315,1329,SC63.lacrimal.prefrontal.posteromedial,19
9,1316,1330,SC63.lacrimal.prefrontal.posteromedial,19
10,1317,1331,SC63.lacrimal.prefrontal.posteromedial,19
11,1318,1332,SC63.lacrimal.prefrontal.posteromedial,19
12,1319,1333,SC63.lacrimal.prefrontal.posteromedial,19
13,1320,1334,SC63.lacrimal.prefrontal.posteromedial,19
14,1321,1335,SC63.lacrimal.prefrontal.posteromedial,19
15,1322,1336,SC63.lacrimal.prefrontal.posteromedial,19
16,1323,1337,SC63.lacrimal.prefrontal.posteromedial,19
17,1324,1338,SC63.lacrimal.prefrontal.posteromedial,19
18,1325,1339,SC63.lacrimal.prefrontal.posteromedial,19
19,1326,1340,SC63.lacrimal.prefrontal.posteromedial,19
20,1327,1341,SC63.lacrimal.prefrontal.posteromedial,19
100,1388,1402,patch_premax_dorsal,4
101,1389,1403,patch_premax_dorsal,4
102,1390,1404,patch_premax_dorsal,4
103,1391,1405,patch_premax_dorsal,4
104,1392,1406,patch_premax_dorsal,4
105,1393,1407,patch_premax_dorsal,4
106,1394,1408,patch_premax_dorsal,4
107,1395,1409,patch_premax_dorsal,4
108,1396,1410,patch_premax_dorsal,4
109,1397,1411,patch_premax_dorsal,4
110,1398,1412,patch_premax_dorsal,4
111,1399,1413,patch_premax_dorsal,4
112,1400,1414,patch_premax_dorsal,4
113,1401,1415,patch_premax_dorsal,4
114,1402,1416,patch_premax_dorsal,4
115,1403,1417,patch_premax_dorsal,4
116,1404,1418,patch_premax_dorsal,4
117,1405,1419,patch_premax_dorsal,4
118,1406,1420,patch_premax_dorsal,4
119,1407,1421,patch_premax_dorsal,4
120,1408,1422,patch_premax_dorsal,4
121,1409,1423,patch_premax_dorsal,4
122,1410,1424,patch_premax_dorsal,4
123,1411,1425,patch_premax_dorsal,4
124,1412,1426,patch_premax_dorsal,4
125,1413,1427,patch_premax_dorsal,4
126,1414,1428,patch_premax_dorsal,4
127,1415,1429,patch_premax_dorsal,4
128,1416,1430,patch_premax_dorsal,4
129,1417,1431,patch_premax_dorsal,4
130,1418,1432,patch_premax_dorsal,4
131,1419,1433,patch_premax_dorsal,4
132,1420,1434,patch_premax_dorsal,4
133,1421,1435,patch_premax_dorsal,4
134,1422,1436,patch_premax_dorsal,4
135,1423,1437,patch_premax_dorsal,4
136,1424,1438,patch_premax_dorsal,4
137,1425,1439,patch_premax_dorsal,4
138,1426,1440,patch_premax_dorsal,4
139,1427,1441,patch_premax_dorsal,4
140,1428,1442,patch_premax_dorsal,4
141,1429,1443,patch_premax_dorsal,4
142,1430,1444,patch_premax_dorsal,4
143,1431,1445,patch_premax_dorsal,4
144,1432,1446,patch_premax_dorsal,4
145,1433,1447,patch_premax_dorsal,4
146,1434,1448,patch_premax_dorsal,4
147,1435,1449,patch_premax_dorsal,4
148,1436,1450,patch_premax_dorsal,4
149,1437,1451,patch_premax_dorsal,4
150,1438,1452,patch_premax_dorsal,4
151,1439,1453,patch_premax_dorsal,4
152,1440,1454,patch_premax_dorsal,4
153,1441,1455,patch_premax_dorsal,4
154,1442,1456,patch_premax_dorsal,4
155,1443,1457,patch_premax_dorsal,4
156,1444,1458,patch_premax_dorsal,4
157,1445,1459,patch_premax_dorsal,4
158,1446,1460,patch_premax_dorsal,4
159,1447,1461,patch_max_dorsal,3
160,1448,1462,patch_max_dorsal,3
161,1449,1463,patch_max_dorsal,3
162,1450,1464,patch_max_dorsal,3
163,1451,1465,patch_max_dorsal,3
164,1452,1466,patch_max_dorsal,3
165,1453,1467,patch_max_dorsal,3
166,1454,1468,patch_max_dorsal,3
167,1455,1469,patch_max_dorsal,3
168,1456,1470,patch_max_dorsal,3
169,1457,1471,patch_max_dorsal,3
170,1458,1472,patch_max_dorsal,3
171,1459,1473,patch_max_dorsal,3
172,1460,1474,patch_max_dorsal,3
173,1461,1475,patch_max_dorsal,3
174,1462,1476,patch_max_dorsal,3
175,1463,1477,patch_max_dorsal,3
176,1464,1478,patch_max_dorsal,3
177,1465,1479,patch_max_dorsal,3
178,1466,1480,patch_max_dorsal,3
179,1467,1481,patch_max_dorsal,3
180,1468,1482,patch_max_dorsal,3
181,1469,1483,patch_max_dorsal,3
182,1470,1484,patch_max_dorsal,3
183,1471,1485,patch_max_dorsal,3
184,1472,1486,patch_max_dorsal,3
185,1473,1487,patch_max_dorsal,3
186,1474,1488,patch_max_dorsal,3
187,1475,1489,patch_max_dorsal,3
188,1476,1490,patch_max_dorsal,3
189,1477,1491,patch_max_dorsal,3
190,1478,1492,patch_max_dorsal,3
191,1479,1493,patch_max_dorsal,3
192,1480,1494,patch_max_dorsal,3
193,1481,1495,patch_max_dorsal,3
194,1482,1496,patch_max_dorsal,3
195,1483,1497,patch_max_dorsal,3
196,1484,1498,patch_max_dorsal,3
197,1485,1499,patch_max_dorsal,3
198,1486,1500,patch_max_dorsal,3
199,1487,1501,patch_max_dorsal,3
200,1488,1502,patch_max_dorsal,3
201,1489,1503,patch_max_dorsal,3
202,1490,1504,patch_max_dorsal,3
203,1491,1505,patch_max_dorsal,3
204,1492,1506,patch_max_dorsal,3
205,1493,1507,patch_max_dorsal,3
206,1494,1508,patch_max_dorsal,3
207,1495,1509,patch_max_dorsal,3
208,1496,1510,patch_max_dorsal,3
209,1497,1511,patch_max_dorsal,3
210,1498,1512,patch_max_dorsal,3
211,1499,1513,patch_max_dorsal,3
212,1500,1514,patch_max_dorsal,3
213,1501,1515,patch_max_dorsal,3
214,1502,1516,patch_max_dorsal,3
215,1503,1517,patch_max_dorsal,3
216,1504,1518,patch_max_dorsal,3
217,1505,1519,patch_max_dorsal,3
218,1506,1520,patch_max_dorsal,3
219,1507,1521,patch_max_dorsal,3
220,1508,1522,patch_max_dorsal,3
221,1509,1523,patch_max_dorsal,3
222,1510,1524,patch_max_dorsal,3
223,1511,1525,patch_max_dorsal,3
224,1512,1526,patch_max_dorsal,3
225,1513,1527,patch_max_dorsal,3
226,1514,1528,patch_max_dorsal,3
227,1515,1529,patch_max_dorsal,3
228,1516,1530,patch_max_dorsal,3
229,1517,1531,patch_max_dorsal,3
230,1518,1532,patch_max_dorsal,3
231,1519,1533,patch_max_dorsal,3
232,1520,1534,patch_max_dorsal,3
233,1521,1535,patch_max_dorsal,3
234,1522,1536,patch_max_dorsal,3
235,1523,1537,patch_max_dorsal,3
358,1646,1660,patch_nasal,5
359,1647,1661,patch_nasal,5
360,1648,1662,patch_nasal,5
361,1649,1663,patch_nasal,5
362,1650,1664,patch_nasal,5
363,1651,1665,patch_nasal,5
364,1652,1666,patch_nasal,5
365,1653,1667,patch_nasal,5
366,1654,1668,patch_nasal,5
367,1655,1669,patch_nasal,5
368,1656,1670,patch_nasal,5
369,1657,1671,patch_nasal,5
370,1658,1672,patch_nasal,5
371,1659,1673,patch_nasal,5
372,1660,1674,patch_nasal,5
373,1661,1675,patch_nasal,5
374,1662,1676,patch_nasal,5
375,1663,1677,patch_nasal,5
376,1664,1678,patch_nasal,5
377,1665,1679,patch_nasal,5
378,1666,1680,patch_nasal,5
379,1667,1681,patch_nasal,5
380,1668,1682,patch_nasal,5
381,1669,1683,patch_nasal,5
382,1670,1684,patch_nasal,5
383,1671,1685,patch_nasal,5
384,1672,1686,patch_nasal,5
385,1673,1687,patch_nasal,5
386,1674,1688,patch_nasal,5
387,1675,1689,patch_nasal,5
388,1676,1690,patch_nasal,5
389,1677,1691,patch_nasal,5
390,1678,1692,patch_nasal,5
391,1679,1693,patch_nasal,5
392,1680,1694,patch_nasal,5
393,1681,1695,patch_nasal,5
394,1682,1696,patch_nasal,5
395,1683,1697,patch_nasal,5
396,1684,1698,patch_nasal,5
397,1685,1699,patch_nasal,5
398,1686,1700,patch_nasal,5
399,1687,1701,patch_nasal,5
400,1688,1702,patch_nasal,5
401,1689,1703,patch_nasal,5
402,1690,1704,patch_nasal,5
403,1691,1705,patch_nasal,5
404,1692,1706,patch_nasal,5
405,1693,1707,patch_nasal,5
406,1694,1708,patch_frontal,6
407,1695,1709,patch_frontal,6
408,1696,1710,patch_frontal,6
409,1697,1711,patch_frontal,6
410,1698,1712,patch_frontal,6
411,1699,1713,patch_frontal,6
412,1700,1714,patch_frontal,6
413,1701,1715,patch_frontal,6
414,1702,1716,patch_frontal,6
415,1703,1717,patch_frontal,6
416,1704,1718,patch_frontal,6
417,1705,1719,patch_frontal,6
418,1706,1720,patch_frontal,6
419,1707,1721,patch_frontal,6
420,1708,1722,patch_frontal,6
421,1709,1723,patch_frontal,6
422,1710,1724,patch_frontal,6
423,1711,1725,patch_frontal,6
424,1712,1726,patch_frontal,6
425,1713,1727,patch_frontal,6
426,1714,1728,patch_frontal,6
427,1715,1729,patch_frontal,6
428,1716,1730,patch_frontal,6
429,1717,1731,patch_frontal,6
430,1718,1732,patch_frontal,6
431,1719,1733,patch_frontal,6
432,1720,1734,patch_frontal,6
433,1721,1735,patch_frontal,6
434,1722,1736,patch_frontal,6
435,1723,1737,patch_frontal,6
436,1724,1738,patch_frontal,6
437,1725,1739,patch_frontal,6
438,1726,1740,patch_frontal,6
439,1727,1741,patch_frontal,6
440,1728,1742,patch_frontal,6
441,1729,1743,patch_frontal,6
442,1730,1744,patch_frontal,6
443,1731,1745,patch_frontal,6
444,1732,1746,patch_frontal,6
445,1733,1747,patch_frontal,6
446,1734,1748,patch_frontal,6
447,1735,1749,patch_frontal,6
448,1736,1750,patch_frontal,6
449,1737,1751,patch_frontal,6
450,1738,1752,patch_frontal,6
451,1739,1753,patch_frontal,6
452,1740,1754,patch_frontal,6
453,1741,1755,patch_frontal,6
454,1742,1756,patch_parietal,7
455,1743,1757,patch_parietal,7
456,1744,1758,patch_parietal,7
457,1745,1759,patch_parietal,7
458,1746,1760,patch_parietal,7
459,1747,1761,patch_parietal,7
460,1748,1762,patch_parietal,7
461,1749,1763,patch_parietal,7
462,1750,1764,patch_parietal,7
463,1751,1765,patch_parietal,7
464,1752,1766,patch_parietal,7
465,1753,1767,patch_parietal,7
466,1754,1768,patch_parietal,7
467,1755,1769,patch_parietal,7
468,1756,1770,patch_parietal,7
469,1757,1771,patch_parietal,7
470,1758,1772,patch_parietal,7
471,1759,1773,patch_parietal,7
472,1760,1774,patch_parietal,7
473,1761,1775,patch_parietal,7
474,1762,1776,patch_parietal,7
475,1763,1777,patch_parietal,7
476,1764,1778,patch_parietal,7
477,1765,1779,patch_parietal,7
478,1766,1780,patch_parietal,7
479,1767,1781,patch_parietal,7
480,1768,1782,patch_parietal,7
481,1769,1783,patch_parietal,7
482,1770,1784,patch_parietal,7
483,1771,1785,patch_parietal,7
484,1772,1786,patch_parietal,7
485,1773,1787,patch_parietal,7
486,1774,1788,patch_parietal,7
487,1775,1789,patch_parietal,7
488,1776,1790,patch_parietal,7
489,1777,1791,patch_parietal,7
490,1778,1792,patch_parietal,7
491,1779,1793,patch_parietal,7
492,1780,1794,patch_parietal,7
493,1781,1795,patch_parietal,7
494,1782,1796,patch_parietal,7
495,1783,1797,patch_parietal,7
496,1784,1798,patch_parietal,7
497,1785,1799,patch_parietal,7
498,1786,1800,patch_parietal,7
499,1787,1801,patch_parietal,7
500,1788,1802,patch_parietal,7
501,1789,1803,patch_parietal,7
502,1790,1804,patch_parietal,7
503,1791,1805,patch_parietal,7
504,1792,1806,patch_parietal,7
505,1793,1807,patch_parietal,7
506,1794,1808,patch_parietal,7
507,1795,1809,patch_parietal,7
508,1796,1810,patch_parietal,7
509,1797,1811,patch_parietal,7
510,1798,1812,patch_occ_sup_and_ex,8
511,1799,1813,patch_occ_sup_and_ex,8
512,1800,1814,patch_occ_sup_and_ex,8
513,1801,1815,patch_occ_sup_and_ex,8
514,1802,1816,patch_occ_sup_and_ex,8
515,1803,1817,patch_occ_sup_and_ex,8
516,1804,1818,patch_occ_sup_and_ex,8
517,1805,1819,patch_occ_sup_and_ex,8
518,1806,1820,patch_occ_sup_and_ex,8
519,1807,1821,patch_occ_sup_and_ex,8
520,1808,1822,patch_occ_sup_and_ex,8
521,1809,1823,patch_occ_sup_and_ex,8
522,1810,1824,patch_occ_sup_and_ex,8
523,1811,1825,patch_occ_sup_and_ex,8
524,1812,1826,patch_occ_sup_and_ex,8
525,1813,1827,patch_occ_sup_and_ex,8
526,1814,1828,patch_occ_sup_and_ex,8
527,1815,1829,patch_occ_sup_and_ex,8
528,1816,1830,patch_occ_sup_and_ex,8
529,1817,1831,patch_occ_sup_and_ex,8
530,1818,1832,patch_occ_sup_and_ex,8
531,1819,1833,patch_occ_sup_and_ex,8
532,1820,1834,patch_occ_sup_and_ex,8
533,1821,1835,patch_occ_sup_and_ex,8
534,1822,1836,patch_occ_sup_and_ex,8
535,1823,1837,patch_occ_sup_and_ex,8
536,1824,1838,patch_occ_sup_and_ex,8
537,1825,1839,patch_occ_sup_and_ex,8
538,1826,1840,patch_occ_sup_and_ex,8
539,1827,1841,patch_occ_sup_and_ex,8
540,1828,1842,patch_occ_sup_and_ex,8
541,1829,1843,patch_occ_sup_and_ex,8
542,1830,1844,patch_occ_sup_and_ex,8
543,1831,1845,patch_occ_sup_and_ex,8
544,1832,1846,patch_occ_sup_and_ex,8
545,1833,1847,patch_basioccipital ,11
546,1834,1848,patch_basioccipital ,11
547,1835,1849,patch_basioccipital ,11
548,1836,1850,patch_basioccipital ,11
549,1837,1851,patch_basioccipital ,11
550,1838,1852,patch_basioccipital ,11
551,1839,1853,patch_basioccipital ,11
552,1840,1854,patch_basioccipital ,11
553,1841,1855,patch_basioccipital ,11
554,1842,1856,patch_basioccipital ,11
555,1843,1857,patch_basioccipital ,11
556,1844,1858,patch_basioccipital ,11
557,1845,1859,patch_basioccipital ,11
558,1846,1860,patch_basioccipital ,11
559,1847,1861,patch_basioccipital ,11
560,1848,1862,patch_basioccipital ,11
561,1849,1863,patch_basioccipital ,11
562,1850,1864,patch_basioccipital ,11
563,1851,1865,patch_basioccipital ,11
564,1852,1866,patch_basioccipital ,11
565,1853,1867,patch_basioccipital ,11
566,1854,1868,patch_basioccipital ,11
567,1855,1869,patch_basioccipital ,11
568,1856,1870,patch_basioccipital ,11
569,1857,1871,patch_basioccipital ,11
570,1858,1872,patch_basioccipital ,11
571,1859,1873,patch_basioccipital ,11
572,1860,1874,patch_basioccipital ,11
573,1861,1875,patch_occipital_condyle,10
574,1862,1876,patch_occipital_condyle,10
575,1863,1877,patch_occipital_condyle,10
576,1864,1878,patch_occipital_condyle,10
577,1865,1879,patch_occipital_condyle,10
578,1866,1880,patch_occipital_condyle,10
579,1867,1881,patch_occipital_condyle,10
580,1868,1882,patch_occipital_condyle,10
581,1869,1883,patch_occipital_condyle,10
678,1966,1980,patch_squamosal,17
679,1967,1981,patch_squamosal,17
680,1968,1982,patch_squamosal,17
681,1969,1983,patch_squamosal,17
682,1970,1984,patch_squamosal,17
683,1971,1985,patch_squamosal,17
684,1972,1986,patch_squamosal,17
685,1973,1987,patch_squamosal,17
686,1974,1988,patch_squamosal,17
687,1975,1989,patch_squamosal,17
688,1976,1990,patch_squamosal,17
689,1977,1991,patch_squamosal,17
690,1978,1992,patch_squamosal,17
691,1979,1993,patch_squamosal,17
692,1980,1994,patch_squamosal,17
693,1981,1995,patch_squamosal,17
694,1982,1996,patch_squamosal,17
695,1983,1997,patch_squamosal,17
696,1984,1998,patch_squamosal,17
697,1985,1999,patch_squamosal,17
698,1986,2000,patch_postorbital,15
699,1987,2001,patch_postorbital,15
700,1988,2002,patch_postorbital,15
701,1989,2003,patch_postorbital,15
702,1990,2004,patch_postorbital,15
703,1991,2005,patch_postorbital,15
704,1992,2006,patch_postorbital,15
705,1993,2007,patch_postorbital,15
706,1994,2008,patch_postorbital,15
707,1995,2009,patch_postorbital,15
708,1996,2010,patch_postorbital,15
709,1997,2011,patch_postorbital,15
710,1998,2012,patch_postorbital,15
711,1999,2013,patch_postorbital,15
712,2000,2014,patch_postorbital,15
713,2001,2015,patch_postorbital,15
714,2002,2016,patch_postorbital,15
715,2003,2017,patch_postorbital,15
716,2004,2018,patch_postorbital,15
717,2005,2019,patch_postorbital,15
718,2006,2020,patch_postorbital,15
719,2007,2021,patch_postorbital,15
720,2008,2022,patch_postorbital,15
721,2009,2023,patch_postorbital,15
722,2010,2024,patch_postorbital,15
723,2011,2025,patch_postorbital,15
724,2012,2026,patch_postorbital,15
725,2013,2027,patch_postorbital,15
726,2014,2028,patch_postorbital,15
727,2015,2029,patch_postorbital,15
728,2016,2030,patch_postorbital,15
729,2017,2031,patch_postorbital,15
730,2018,2032,patch_lacrimal,19
731,2019,2033,patch_lacrimal,19
732,2020,2034,patch_lacrimal,19
733,2021,2035,patch_lacrimal,19
734,2022,2036,patch_lacrimal,19
735,2023,2037,patch_lacrimal,19
736,2024,2038,patch_lacrimal,19
737,2025,2039,patch_lacrimal,19
738,2026,2040,patch_lacrimal,19
739,2027,2041,patch_lacrimal,19
740,2028,2042,patch_lacrimal,19
741,2029,2043,patch_lacrimal,19
742,2030,2044,patch_lacrimal,19
743,2031,2045,patch_lacrimal,19
744,2032,2046,patch_lacrimal,19
745,2033,2047,patch_lacrimal,19
746,2034,2048,patch_lacrimal,19
747,2035,2049,patch_lacrimal,19
748,2036,2050,patch_lacrimal,19
749,2037,2051,patch_lacrimal,19
750,2038,2052,patch_lacrimal,19
751,2039,2053,patch_lacrimal,19
752,2040,2054,patch_lacrimal,19
753,2041,2055,patch_lacrimal,19
754,2042,2056,patch_lacrimal,19
755,2043,2057,patch_lacrimal,19
756,2044,2058,patch_lacrimal,19
757,2045,2059,patch_lacrimal,19
758,2046,2060,patch_lacrimal,19
759,2047,2061,patch_lacrimal,19
760,2048,2062,patch_lacrimal,19
761,2049,2063,patch_lacrimal,19
762,2050,2064,patch_lacrimal,19
763,2051,2065,patch_lacrimal,19
764,2052,2066,patch_lacrimal,19
765,2053,2067,patch_lacrimal,19
766,2054,2068,patch_lacrimal,19
767,2055,2069,patch_lacrimal,19
768,2056,2070,patch_lacrimal,19
769,2057,2071,patch_lacrimal,19
770,2058,2072,patch_lacrimal,19
771,2059,2073,patch_lacrimal,19
772,2060,2074,patch_lacrimal,19
773,2061,2075,patch_lacrimal,19
774,2062,2076,patch_lacrimal,19
775,2063,2077,patch_lacrimal,19
776,2064,2078,patch_lacrimal,19
777,2065,2079,patch_lacrimal,19
778,2066,2080,patch_lacrimal,19
779,2067,2081,patch_lacrimal,19
780,2068,2082,patch_lacrimal,19
781,2069,2083,patch_lacrimal,19
782,2070,2084,patch_lacrimal,19
783,2071,2085,patch_lacrimal,19
784,2072,2086,patch_lacrimal,19
785,2073,2087,patch_lacrimal,19
786,2074,2088,patch_jugal,16
787,2075,2089,patch_jugal,16
788,2076,2090,patch_jugal,16
789,2077,2091,patch_jugal,16
790,2078,2092,patch_jugal,16
791,2079,2093,patch_jugal,16
792,2080,2094,patch_jugal,16
793,2081,2095,patch_jugal,16
794,2082,2096,patch_jugal,16
795,2083,2097,patch_jugal,16
796,2084,2098,patch_jugal,16
797,2085,2099,patch_jugal,16
798,2086,2100,patch_jugal,16
799,2087,2101,patch_jugal,16
800,2088,2102,patch_jugal,16
801,2089,2103,patch_jugal,16
802,2090,2104,patch_jugal,16
803,2091,2105,patch_jugal,16
804,2092,2106,patch_jugal,16
805,2093,2107,patch_jugal,16
806,2094,2108,patch_jugal,16
807,2095,2109,patch_jugal,16
808,2096,2110,patch_jugal,16
809,2097,2111,patch_jugal,16
810,2098,2112,patch_jugal,16
811,2099,2113,patch_jugal,16
812,2100,2114,patch_jugal,16
813,2101,2115,patch_jugal,16
814,2102,2116,patch_jugal,16
815,2103,2117,patch_jugal,16
816,2104,2118,patch_jugal,16
817,2105,2119,patch_jugal,16
818,2106,2120,patch_jugal,16
819,2107,2121,patch_jugal,16
820,2108,2122,patch_jugal,16
821,2109,2123,patch_jugal,16
822,2110,2124,patch_jugal,16
823,2111,2125,patch_jugal,16
824,2112,2126,patch_jugal,16
825,2113,2127,patch_jugal,16
826,2114,2128,patch_jugal,16
827,2115,2129,patch_jugal,16
828,2116,2130,patch_jugal,16
829,2117,2131,patch_jugal,16
830,2118,2132,patch_jugal,16
831,2119,2133,patch_jugal,16
832,2120,2134,patch_jugal,16
833,2121,2135,patch_jugal,16
834,2122,2136,patch_jugal,16
835,2123,2137,patch_jugal,16
836,2124,2138,patch_jugal,16
837,2125,2139,patch_jugal,16
838,2126,2140,patch_jugal,16
839,2127,2141,patch_jugal,16
840,2128,2142,patch_jugal,16
841,2129,2143,patch_jugal,16
842,2130,2144,patch_jugal,16
843,2131,2145,patch_jugal,16
844,2132,2146,patch_jugal,16
845,2133,2147,patch_jugal,16
846,2134,2148,patch_jawjoint,18
847,2135,2149,patch_jawjoint,18
848,2136,2150,patch_jawjoint,18
849,2137,2151,patch_jawjoint,18
850,2138,2152,patch_jawjoint,18
851,2139,2153,patch_jawjoint,18
852,2140,2154,patch_jawjoint,18
853,2141,2155,patch_jawjoint,18
854,2142,2156,patch_jawjoint,18
855,2143,2157,patch_jawjoint,18
856,2144,2158,patch_jawjoint,18
857,2145,2159,patch_jawjoint,18
858,2146,2160,patch_jawjoint,18
859,2147,2161,patch_jawjoint,18
860,2148,2162,patch_jawjoint,18
861,2149,2163,patch_frontal,6
862,2150,2164,patch_frontal,6
863,2151,2165,patch_frontal,6
864,2152,2166,patch_frontal,6
865,2153,2167,patch_frontal,6
866,2154,2168,patch_frontal,6
867,2155,2169,patch_parietal,7
868,2156,2170,patch_parietal,7
869,2157,2171,patch_parietal,7
870,2158,2172,patch_parietal,7
871,2159,2173,patch_parietal,7
872,2160,2174,patch_parietal,7
873,2161,2175,patch_parietal,7
874,2162,2176,patch_parietal,7